Date,Site,Latitude,Longitude,Pressure (psi),Flow Rate (gpm),Salt Rejection (%),Temperature (C),pH Level
2024-05-17 14:00:03.069877,Site_A,34.0522,-118.2437,495.363051580875,44.463482956184265,97.81575860856636,21.62016982061453,6.864140437824475
2024-05-17 14:00:03.069877,Site_B,25.2048,55.2708,513.6585472332345,47.31096462049201,97.60667299017611,27.617305278311875,6.988890758535014
2024-05-17 14:00:03.069877,Site_C,35.6895,139.6917,503.6670931038933,49.1190208319705,98.7222455128355,26.258491842781204,7.060875427068635
2024-05-18 14:00:03.069877,Site_A,34.0522,-118.2437,492.92594719060156,48.195550782031596,97.54730697167959,27.441486363530554,7.073107651853051
2024-05-18 14:00:03.069877,Site_B,25.2048,55.2708,511.6342046590518,43.755021974463496,97.85635106125734,28.48731948670687,7.094911146406422
2024-05-18 14:00:03.069877,Site_C,35.6895,139.6917,491.68663927208235,45.47611380157671,97.39621969546761,23.303265842941205,6.975016466073394
2024-05-19 14:00:03.069877,Site_A,34.0522,-118.2437,505.4227357074702,54.87459314998062,97.72764461935252,25.47773453876685,7.072334188491207
2024-05-19 14:00:03.069877,Site_B,25.2048,55.2708,508.3835538490273,50.32079552939705,97.67317849576644,22.626476262920487,6.989496928756725
2024-05-19 14:00:03.069877,Site_C,35.6895,139.6917,505.72130310411495,49.48184844051108,97.75252357664422,21.27765352117662,6.773421439011768
2024-05-20 14:00:03.069877,Site_A,34.0522,-118.2437,513.3373030097305,43.19404265277009,97.42337158412074,23.37612830375608,7.179263823194812
2024-05-20 14:00:03.069877,Site_B,25.2048,55.2708,496.8818670265056,52.7290531236723,97.53031912213757,27.52066688089622,7.151337779814603
2024-05-20 14:00:03.069877,Site_C,35.6895,139.6917,500.2028691414844,52.25678892755974,97.95816793570306,20.776886143429564,6.880586200151637
2024-05-21 14:00:03.069877,Site_A,34.0522,-118.2437,493.4802079092325,57.068453526297745,97.97549593087399,27.939066526966947,7.052656225409522
2024-05-21 14:00:03.069877,Site_B,25.2048,55.2708,515.9035201548375,47.449773998081426,97.71526882110305,27.47960401881694,7.044434941450709
2024-05-21 14:00:03.069877,Site_C,35.6895,139.6917,499.807767479742,43.438459298067514,98.19795256198594,21.577903046173212,6.937839681743762
2024-05-22 14:00:03.069877,Site_A,34.0522,-118.2437,489.9038643894636,54.854168379315524,97.91277299459414,23.113948527271063,6.947678151861755
2024-05-22 14:00:03.069877,Site_B,25.2048,55.2708,497.14323907465644,51.57825096756107,97.99416245620328,23.678194580175994,6.916172885144986
2024-05-22 14:00:03.069877,Site_C,35.6895,139.6917,503.11484454021866,46.49896207695194,98.34514039149188,22.448494423669384,6.891968289382404
2024-05-23 14:00:03.069877,Site_A,34.0522,-118.2437,511.5312530664048,49.58306939610935,98.35114211501343,25.930269127331925,6.968678618210522
2024-05-23 14:00:03.069877,Site_B,25.2048,55.2708,494.3747492994823,51.69367960466046,97.4112863448607,23.5036428114748,7.1056186303065125
2024-05-23 14:00:03.069877,Site_C,35.6895,139.6917,508.7541699879489,50.546809507892284,98.09325526393923,25.074104710734947,7.057001878852892
2024-05-24 14:00:03.069877,Site_A,34.0522,-118.2437,501.44219227462,43.379271969764304,98.88118135902559,19.09459190226322,7.069056325755542
2024-05-24 14:00:03.069877,Site_B,25.2048,55.2708,501.39489463105144,54.09260018490888,98.64254563719483,23.238421191215423,7.006235862648399
2024-05-24 14:00:03.069877,Site_C,35.6895,139.6917,488.05753056679373,49.26850646058586,97.12042448111156,26.51393751034158,7.006331887345028
2024-05-25 14:00:03.069877,Site_A,34.0522,-118.2437,491.08389861610067,52.92346698193874,98.55436209552154,25.54864531241021,6.8816218051584785
2024-05-25 14:00:03.069877,Site_B,25.2048,55.2708,496.25912255890233,52.50005954994376,98.20656133575248,28.21156212195247,7.214764184492285
2024-05-25 14:00:03.069877,Site_C,35.6895,139.6917,505.1959688435121,50.7665569768953,97.74527908901447,25.62320192691765,7.05845711803096
2024-05-26 14:00:03.069877,Site_A,34.0522,-118.2437,483.9705002416562,44.3466311990849,97.51256772238266,26.152828084635154,6.881051578229716
2024-05-26 14:00:03.069877,Site_B,25.2048,55.2708,495.68499955394896,48.41549105381352,97.34070525211328,20.28241781480275,6.846652195903986
2024-05-26 14:00:03.069877,Site_C,35.6895,139.6917,502.5619112349217,52.67124541613662,97.6727344161614,24.697402313303165,6.930996925328496
2024-05-27 14:00:03.069877,Site_A,34.0522,-118.2437,498.4868914719343,46.33263737979505,98.71084901693456,22.7853842518363,7.127479527782942
2024-05-27 14:00:03.069877,Site_B,25.2048,55.2708,501.91939260099525,45.33307639693198,98.35268425044535,27.047804686504648,6.948096322321113
2024-05-27 14:00:03.069877,Site_C,35.6895,139.6917,491.2118824932437,53.65735304667465,98.25370657185081,20.859667809012343,7.082410759782221
2024-05-28 14:00:03.069877,Site_A,34.0522,-118.2437,510.82040392909033,50.91621207664864,96.41502010151363,25.276681115307472,6.840697263553971
2024-05-28 14:00:03.069877,Site_B,25.2048,55.2708,495.74055006155965,51.615542401987746,98.23357598285035,31.0567182895865,7.084567630538062
2024-05-28 14:00:03.069877,Site_C,35.6895,139.6917,522.772422045362,51.40503138505088,98.24676947832852,25.211143516183785,6.889782740545032
2024-05-29 14:00:03.069877,Site_A,34.0522,-118.2437,496.0257602743549,44.16589244676377,99.31421342621438,27.04244562074256,6.941192834589961
2024-05-29 14:00:03.069877,Site_B,25.2048,55.2708,496.13358641908974,49.08882372031711,98.22940618907253,24.399585024520857,6.944905131091326
2024-05-29 14:00:03.069877,Site_C,35.6895,139.6917,507.2093334075627,51.02872051553564,98.18933130496394,24.908675553427532,7.043880433140775
2024-05-30 14:00:03.069877,Site_A,34.0522,-118.2437,486.5382379894229,36.95119297987888,97.67024661440979,25.12505492705144,7.073604730068434
2024-05-30 14:00:03.069877,Site_B,25.2048,55.2708,498.80818812423087,47.110036929074525,97.42698692874582,23.657889565622224,7.070122348712411
2024-05-30 14:00:03.069877,Site_C,35.6895,139.6917,490.7675151558762,49.00442952170493,97.47217587412531,34.01432516939593,6.899237162723597
2024-05-31 14:00:03.069877,Site_A,34.0522,-118.2437,503.61610048451877,47.62254885451605,97.29950478109826,23.112672322443807,6.9783210742179325
2024-05-31 14:00:03.069877,Site_B,25.2048,55.2708,497.2102373685285,49.2209522842768,98.14769479715,24.614856270215274,7.17894967750596
2024-05-31 14:00:03.069877,Site_C,35.6895,139.6917,503.8660797140483,48.53918529871861,97.897301497046,27.32199013015095,6.910244389415799
2024-06-01 14:00:03.069877,Site_A,34.0522,-118.2437,488.15086721225344,53.99375124982769,98.30908814968608,29.178286190170546,7.046159478613742
2024-06-01 14:00:03.069877,Site_B,25.2048,55.2708,499.7444379639799,47.28849245711568,97.38813783259727,26.215188926153562,7.058634871721711
2024-06-01 14:00:03.069877,Site_C,35.6895,139.6917,497.53781762525136,50.3239475192375,98.05999305699653,27.010360441137223,6.927000749799684
2024-06-02 14:00:03.069877,Site_A,34.0522,-118.2437,499.5672950072158,47.02663274037131,97.70583050143375,26.544859660171774,6.961753091253
2024-06-02 14:00:03.069877,Site_B,25.2048,55.2708,497.15116064982664,41.1260800305101,97.729012774125,26.517672350938547,7.105235241956283
2024-06-02 14:00:03.069877,Site_C,35.6895,139.6917,504.5311592461065,50.21872982961239,98.6438296502465,22.828344176677998,7.100291076155429
2024-06-03 14:00:03.069877,Site_A,34.0522,-118.2437,505.7017598622382,45.01871527893707,98.32475464865176,22.736783065979957,6.923437145184856
2024-06-03 14:00:03.069877,Site_B,25.2048,55.2708,500.60699763687995,53.88716710062286,98.99907823240633,26.936022398968092,6.921981797902108
2024-06-03 14:00:03.069877,Site_C,35.6895,139.6917,500.81738141292095,43.7278063541147,97.75498517491985,20.725293151261635,6.907708218488132
2024-06-04 14:00:03.069877,Site_A,34.0522,-118.2437,502.6480786115921,59.82735638726503,97.56447754597994,21.7443532853875,7.075290730338847
2024-06-04 14:00:03.069877,Site_B,25.2048,55.2708,495.4488125785772,44.02914283450645,99.0115128666951,23.025478335434485,7.226297455349029
2024-06-04 14:00:03.069877,Site_C,35.6895,139.6917,500.18188000746983,52.20132896751321,98.06646045665023,23.49775237035922,6.842746900655405
2024-06-05 14:00:03.069877,Site_A,34.0522,-118.2437,502.18497057394853,54.29770756672078,98.06981031624181,29.11292080754398,6.946617407543088
2024-06-05 14:00:03.069877,Site_B,25.2048,55.2708,501.2441652210261,45.92441492978802,98.10536239880439,22.677938413846466,6.918345728082906
2024-06-05 14:00:03.069877,Site_C,35.6895,139.6917,483.9117577298667,43.0398084508845,97.15782422571706,25.146887475934516,6.941490921862142
2024-06-06 14:00:03.069877,Site_A,34.0522,-118.2437,520.441370721358,43.16060460086379,97.95192277018754,20.005764686882017,7.194826804238676
2024-06-06 14:00:03.069877,Site_B,25.2048,55.2708,497.36007256895743,53.131689612739,97.91790505773618,22.0135563777979,6.932926694825075
2024-06-06 14:00:03.069877,Site_C,35.6895,139.6917,502.2012159881773,43.21938838546791,97.60213619759075,27.448584472176766,6.988648366488589
2024-06-07 14:00:03.069877,Site_A,34.0522,-118.2437,509.9798180821537,58.14840371778174,98.73952027965588,23.684148283833284,6.9961382871221485
2024-06-07 14:00:03.069877,Site_B,25.2048,55.2708,513.9393284346729,50.72301681795891,97.31277782478912,26.38230222239609,6.933774404987884
2024-06-07 14:00:03.069877,Site_C,35.6895,139.6917,516.1872602986477,49.53580245649996,98.0011630728685,26.13134137979433,7.007674143248982
2024-06-08 14:00:03.069877,Site_A,34.0522,-118.2437,495.3640727712884,37.073930799435395,97.43742037616225,24.465801364562353,6.961880020184772
2024-06-08 14:00:03.069877,Site_B,25.2048,55.2708,496.6879732257765,48.0389217066772,98.53923819204911,22.299129601658542,6.864752728048127
2024-06-08 14:00:03.069877,Site_C,35.6895,139.6917,502.53771695544174,44.07899288694268,98.65657956717287,26.78501719430362,6.9663651186950535
2024-06-09 14:00:03.069877,Site_A,34.0522,-118.2437,499.15093966866874,51.52408634159162,97.50086617566478,28.230305061550755,6.993540991986905
2024-06-09 14:00:03.069877,Site_B,25.2048,55.2708,511.32774062042324,45.99364064081532,97.75172691205354,24.54864897196258,7.018524009438817
2024-06-09 14:00:03.069877,Site_C,35.6895,139.6917,520.3661918208775,38.272464452168826,98.0250525466099,25.892213419621633,7.043644647142892
2024-06-10 14:00:03.069877,Site_A,34.0522,-118.2437,501.1096938661033,51.63143530019902,97.36702429588664,26.22131332927998,7.2045194925421985
2024-06-10 14:00:03.069877,Site_B,25.2048,55.2708,492.1177830354846,54.94899805049041,98.25949832544217,25.753497676890014,6.892791143938836
2024-06-10 14:00:03.069877,Site_C,35.6895,139.6917,483.4896564621173,44.53239760307651,97.09983875981536,23.102357765724737,6.939959000928805
2024-06-11 14:00:03.069877,Site_A,34.0522,-118.2437,516.4899394066294,41.28264148924155,98.0141689581649,23.235625325447174,7.035210305412264
2024-06-11 14:00:03.069877,Site_B,25.2048,55.2708,493.06143035996456,38.0496627032457,97.60485453544705,21.96612531003207,7.119810440276206
2024-06-11 14:00:03.069877,Site_C,35.6895,139.6917,486.47015699743025,51.29187528425187,98.49044510680324,27.66232719782156,6.9482325714656294
2024-06-12 14:00:03.069877,Site_A,34.0522,-118.2437,494.9903815160075,55.249751845024356,98.51534093486549,23.739967738565337,7.121665811339689
2024-06-12 14:00:03.069877,Site_B,25.2048,55.2708,516.4852265693735,50.46179504218105,98.118104746217,29.48500211299092,7.064282284675533
2024-06-12 14:00:03.069877,Site_C,35.6895,139.6917,502.9227535602156,62.52473923257902,99.2609791158272,23.963966689571556,7.097270173558303
2024-06-13 14:00:03.069877,Site_A,34.0522,-118.2437,505.9951243178282,48.9693693681661,98.39822433415353,26.494958545015006,7.065627275021504
2024-06-13 14:00:03.069877,Site_B,25.2048,55.2708,501.1121094926363,47.853863563470014,99.06679456691829,19.920555745121284,7.196388121820799
2024-06-13 14:00:03.069877,Site_C,35.6895,139.6917,487.30299065873686,57.08225142086682,98.84008546616438,28.091676245986083,6.951844650111029
2024-06-14 14:00:03.069877,Site_A,34.0522,-118.2437,502.643696178535,50.80043844053446,97.32164397779688,20.172346326519165,6.936639782771456
2024-06-14 14:00:03.069877,Site_B,25.2048,55.2708,496.8828776927571,42.129124090531036,97.59107719887663,25.414619289905048,6.976378795209479
2024-06-14 14:00:03.069877,Site_C,35.6895,139.6917,513.3718966870858,50.15809746173865,98.49749651063081,23.322041406244765,6.943932045244322
2024-06-15 14:00:03.069877,Site_A,34.0522,-118.2437,525.1663799291954,55.54948959427726,98.9801891078407,30.81325256627263,7.057590293126873
2024-06-15 14:00:03.069877,Site_B,25.2048,55.2708,499.7756412629416,55.6426850461165,97.9368809380544,25.972476702989475,6.882902952020932
2024-06-15 14:00:03.069877,Site_C,35.6895,139.6917,498.5000137101635,51.31794596208562,97.67789712720263,19.48831266273752,7.103082310783828
2024-06-16 14:00:03.069877,Site_A,34.0522,-118.2437,506.09962150504845,42.32768202924231,98.22124671418828,26.99446909503944,7.184465748246629
2024-06-16 14:00:03.069877,Site_B,25.2048,55.2708,504.1450070974079,47.28056024305569,98.32152053778718,24.069794037891782,7.086539705189512
2024-06-16 14:00:03.069877,Site_C,35.6895,139.6917,501.0031135127279,50.8275674210893,97.76156456663846,18.37948406161609,7.076325863351234
2024-06-17 14:00:03.069877,Site_A,34.0522,-118.2437,508.9857271461238,47.132133118899226,98.27417886647528,26.06367993730205,6.93736522373339
2024-06-17 14:00:03.069877,Site_B,25.2048,55.2708,492.3212629253336,50.62451765644693,98.07531662454987,23.912106159411906,7.033563858586309
2024-06-17 14:00:03.069877,Site_C,35.6895,139.6917,506.9786666835876,50.63101820870529,98.33611161603616,27.026797265365683,6.848578784743903
2024-06-18 14:00:03.069877,Site_A,34.0522,-118.2437,500.03200252057746,42.7501765504485,98.6625845729373,28.19486628313471,6.95936373447566
2024-06-18 14:00:03.069877,Site_B,25.2048,55.2708,510.7230160249797,56.27920644590359,98.44057256060523,17.937073526741223,7.080736713329785
2024-06-18 14:00:03.069877,Site_C,35.6895,139.6917,492.23936048516566,45.85079441706225,99.19456869602242,22.47710998856346,7.053511518345359
2024-06-19 14:00:03.069877,Site_A,34.0522,-118.2437,505.5446278451329,49.13105210691984,98.64066761466391,23.99386622043657,6.80219220145372
2024-06-19 14:00:03.069877,Site_B,25.2048,55.2708,495.0993974975288,52.69064073564726,98.20822328177361,26.39947555920954,6.863922246064947
2024-06-19 14:00:03.069877,Site_C,35.6895,139.6917,497.92998963188506,62.056337045994155,98.35858516583065,27.193378143303306,6.917601597959346
2024-06-20 14:00:03.069877,Site_A,34.0522,-118.2437,485.07444622493455,41.752390167985055,98.57927427448098,25.22014973732323,7.1206476652187005
2024-06-20 14:00:03.069877,Site_B,25.2048,55.2708,519.7200418880495,53.783651217099674,98.29596616525585,22.032759101562167,7.132475115280802
2024-06-20 14:00:03.069877,Site_C,35.6895,139.6917,500.8406603136738,45.39637398101605,98.20572991519205,23.7072377484351,6.911762326617643
2024-06-21 14:00:03.069877,Site_A,34.0522,-118.2437,482.53130295872705,45.91679464932479,96.48613942589267,23.804254734532137,7.24289394441432
2024-06-21 14:00:03.069877,Site_B,25.2048,55.2708,497.24158755094794,56.63553671586202,98.12165155536567,26.178382910878096,7.1044403316721825
2024-06-21 14:00:03.069877,Site_C,35.6895,139.6917,505.96876297134764,50.02955955516198,97.58235732893316,29.210975681431957,7.033908364182494
2024-06-22 14:00:03.069877,Site_A,34.0522,-118.2437,502.3121251355233,51.320323240152696,98.35524369985286,24.839721269317476,7.208550914612373
2024-06-22 14:00:03.069877,Site_B,25.2048,55.2708,482.5166165323844,51.684808779238566,97.76910605310982,23.78305849846148,7.0336521455663235
2024-06-22 14:00:03.069877,Site_C,35.6895,139.6917,503.6149661562826,50.432881428999266,98.17389371047132,23.995795360968962,7.015351427769218
2024-06-23 14:00:03.069877,Site_A,34.0522,-118.2437,494.8451818069156,48.95780347837121,97.52005544002687,26.854523556906468,6.9532082311483565
2024-06-23 14:00:03.069877,Site_B,25.2048,55.2708,505.31854849011,41.66856880304886,98.42049295884986,23.72579916348082,7.017434977768163
2024-06-23 14:00:03.069877,Site_C,35.6895,139.6917,489.42389038735604,54.988453484695945,97.74366078184838,26.042360540560935,7.153138142754363
2024-06-24 14:00:03.069877,Site_A,34.0522,-118.2437,496.22689228048324,54.90163269079165,98.51421445824087,27.894470932802697,7.040644438025584
2024-06-24 14:00:03.069877,Site_B,25.2048,55.2708,479.57465326218403,58.851352500781005,97.35599243118772,27.362359583275175,6.982914078664259
2024-06-24 14:00:03.069877,Site_C,35.6895,139.6917,501.920104063774,48.937980011305775,98.17945505018625,26.35677356316515,6.973218573520053
2024-06-25 14:00:03.069877,Site_A,34.0522,-118.2437,501.77995240129474,55.3546838516503,98.84927818616411,17.821363946422892,6.895676449384734
2024-06-25 14:00:03.069877,Site_B,25.2048,55.2708,501.65935427144376,54.62579911647589,98.97696722735594,26.24617189222602,6.941887784093598
2024-06-25 14:00:03.069877,Site_C,35.6895,139.6917,479.9468713698104,45.69716815204236,98.64054647102037,26.083412400766864,6.956342144333581
2024-06-26 14:00:03.069877,Site_A,34.0522,-118.2437,489.4782844604401,48.358895266049,97.90399242516615,25.594705527308314,6.970121372211792
2024-06-26 14:00:03.069877,Site_B,25.2048,55.2708,508.3815377804922,58.90710495632301,97.94494944695843,25.59597833828704,6.921418268509926
2024-06-26 14:00:03.069877,Site_C,35.6895,139.6917,500.1623516344552,48.487217129865094,97.77644446179316,24.327796740385672,7.03213301360754
2024-06-27 14:00:03.069877,Site_A,34.0522,-118.2437,514.2701566332797,53.4644405068951,98.12092762626486,21.245876996737806,7.17640152698793
2024-06-27 14:00:03.069877,Site_B,25.2048,55.2708,493.7974511049304,55.06007282251693,98.39573838753492,20.475645089198494,6.927179339326951
2024-06-27 14:00:03.069877,Site_C,35.6895,139.6917,507.9981570715238,47.641291197941676,97.89447856990354,26.081181503515435,6.877300153345421
2024-06-28 14:00:03.069877,Site_A,34.0522,-118.2437,495.4324019946526,53.16558572848617,98.67367154367778,24.013325202427158,7.047935632180246
2024-06-28 14:00:03.069877,Site_B,25.2048,55.2708,494.78089120875717,49.787478219337245,98.17249261030236,22.76344235497462,7.015473529186256
2024-06-28 14:00:03.069877,Site_C,35.6895,139.6917,494.8187633980578,54.06819216980956,98.0134182040552,25.74497921809964,7.185548950552273
2024-06-29 14:00:03.069877,Site_A,34.0522,-118.2437,490.61219577231594,52.06031104482396,97.36188681582813,19.425138160721666,7.072410744546328
2024-06-29 14:00:03.069877,Site_B,25.2048,55.2708,506.0277297009222,50.30055829120756,98.0602112017104,16.662150025906968,6.949556917512504
2024-06-29 14:00:03.069877,Site_C,35.6895,139.6917,519.0800813647884,45.628903282375916,98.03781874521275,21.04046165260535,6.96289198961119
2024-06-30 14:00:03.069877,Site_A,34.0522,-118.2437,485.58355459410564,47.42232030607923,98.32752970908359,21.389871131977785,7.01311210194066
2024-06-30 14:00:03.069877,Site_B,25.2048,55.2708,490.1402702109527,53.346351051691165,97.64383015860639,27.262988136202225,6.977110279062973
2024-06-30 14:00:03.069877,Site_C,35.6895,139.6917,501.75178619764495,48.624634961179844,98.50151938673933,32.55495504910239,6.909214658858517
2024-07-01 14:00:03.069877,Site_A,34.0522,-118.2437,496.6474533928997,44.09497256284668,97.94278870269142,23.892093541114882,7.0279371014703855
2024-07-01 14:00:03.069877,Site_B,25.2048,55.2708,487.0322097637045,54.20046989508725,97.31437662926614,27.24626643747685,7.144814423147507
2024-07-01 14:00:03.069877,Site_C,35.6895,139.6917,486.6381767084841,54.439252382249165,98.11208485657681,26.773249592689673,7.139223056378896
2024-07-02 14:00:03.069877,Site_A,34.0522,-118.2437,505.5252906269661,52.632583835215485,98.76257345877038,25.574507561369806,7.138253269216275
2024-07-02 14:00:03.069877,Site_B,25.2048,55.2708,505.57252178003705,42.57807486661267,97.74704317433105,22.02752319420742,6.988732590294248
2024-07-02 14:00:03.069877,Site_C,35.6895,139.6917,487.5622719264871,49.563764487911484,96.81141526659572,29.863017299021067,6.787281940628161
2024-07-03 14:00:03.069877,Site_A,34.0522,-118.2437,512.5868410858832,43.914321273247864,98.5080652067082,24.531083652219053,7.053201084829347
2024-07-03 14:00:03.069877,Site_B,25.2048,55.2708,497.9637378514536,47.06967087360487,97.76343930234371,28.5074696504039,6.902964981093091
2024-07-03 14:00:03.069877,Site_C,35.6895,139.6917,501.1397664854296,51.169715599358554,97.47010703121639,27.97459412273255,7.075354747084559
2024-07-04 14:00:03.069877,Site_A,34.0522,-118.2437,515.8208225313961,46.990489350654606,97.3733204363227,29.893834545550085,6.933436666025916
2024-07-04 14:00:03.069877,Site_B,25.2048,55.2708,513.6518691322243,55.02846518038569,98.10069426009446,27.22062516814171,6.895507395497622
2024-07-04 14:00:03.069877,Site_C,35.6895,139.6917,505.05588299933237,46.611751499400654,98.11313457469414,25.62677728875798,6.872373120004511
2024-07-05 14:00:03.069877,Site_A,34.0522,-118.2437,485.37039261480385,46.896335165895074,99.1336925444427,28.310817509862293,7.061976127959632
2024-07-05 14:00:03.069877,Site_B,25.2048,55.2708,500.38575042714973,52.34999047306951,97.09161406074887,26.929601050050294,7.000277852288106
2024-07-05 14:00:03.069877,Site_C,35.6895,139.6917,490.2404695142313,47.188821582952485,98.62389084313284,27.695336504571838,7.051147073498326
2024-07-06 14:00:03.069877,Site_A,34.0522,-118.2437,500.0549784317721,47.328642217307525,97.25388567936983,21.396199797848432,6.923352213168076
2024-07-06 14:00:03.069877,Site_B,25.2048,55.2708,489.88928285864864,43.408979825257425,97.79255886513839,25.528151820597436,6.871821042881173
2024-07-06 14:00:03.069877,Site_C,35.6895,139.6917,497.68655242357096,46.506025744147365,97.21070658926747,30.492291783783163,6.958909963183351
2024-07-07 14:00:03.069877,Site_A,34.0522,-118.2437,487.19762941901155,48.26875497204038,98.11352394330308,24.107295678998263,7.069436316399511
2024-07-07 14:00:03.069877,Site_B,25.2048,55.2708,510.5359996074531,54.56822871350951,97.51244036090807,20.177814028354167,6.970017560727116
2024-07-07 14:00:03.069877,Site_C,35.6895,139.6917,496.64586658268774,48.7363126669998,98.10158761126694,24.128065666153297,6.892539759762105
2024-07-08 14:00:03.069877,Site_A,34.0522,-118.2437,517.6016890239931,59.25827437853775,98.12458980705664,22.6427722065126,6.906037987187137
2024-07-08 14:00:03.069877,Site_B,25.2048,55.2708,509.5926849068589,56.14509084427238,98.5346312742183,23.889831760671633,7.008214050367643
2024-07-08 14:00:03.069877,Site_C,35.6895,139.6917,510.09945862113676,43.32991744152864,97.13860728184342,22.670410011109745,6.977712586200324
2024-07-09 14:00:03.069877,Site_A,34.0522,-118.2437,506.9918907700189,52.88459409958828,98.13679253406947,25.93421810207572,7.222860119361357
2024-07-09 14:00:03.069877,Site_B,25.2048,55.2708,517.4985407898953,48.07968000302399,98.81577213311888,30.637620343277153,7.115285523642493
2024-07-09 14:00:03.069877,Site_C,35.6895,139.6917,488.7027626328334,45.294775189049716,97.76265591862195,27.58769074962022,7.098936290144749
2024-07-10 14:00:03.069877,Site_A,34.0522,-118.2437,502.30863934914123,46.543277269945754,97.74996450266688,22.832721987152865,6.938472923012312
2024-07-10 14:00:03.069877,Site_B,25.2048,55.2708,503.3589252248506,45.125295967334175,98.25272002794205,29.77388202629401,6.989222526955726
2024-07-10 14:00:03.069877,Site_C,35.6895,139.6917,487.8843354733817,51.95736661355052,97.93994681205999,20.429711818433034,6.988249160683141
2024-07-11 14:00:03.069877,Site_A,34.0522,-118.2437,503.8955091542538,41.588396448212194,97.43276483457761,24.96897129767836,7.0237262670721
2024-07-11 14:00:03.069877,Site_B,25.2048,55.2708,502.1251573432754,51.43339912966236,97.2453991877898,20.937367834534392,7.107845128688695
2024-07-11 14:00:03.069877,Site_C,35.6895,139.6917,500.01943698158476,35.39813429931874,98.62039668500425,28.584133461166687,6.889691511617163
2024-07-12 14:00:03.069877,Site_A,34.0522,-118.2437,505.54417266510393,52.433444408916856,98.38525762051673,24.418328159352214,6.982751195887937
2024-07-12 14:00:03.069877,Site_B,25.2048,55.2708,503.93690812530104,48.24530617687733,97.48624175519353,22.586694778327427,7.00904424638031
2024-07-12 14:00:03.069877,Site_C,35.6895,139.6917,487.2069773415374,46.33003021355586,98.08767623996417,27.36872468408124,7.060694348626943
2024-07-13 14:00:03.069877,Site_A,34.0522,-118.2437,508.05692241871907,46.07839358690957,98.39188053995832,24.903483246815703,6.856879611033808
2024-07-13 14:00:03.069877,Site_B,25.2048,55.2708,485.2964137161756,46.71870990896637,97.64133912578849,28.0535225231544,7.2536344352022475
2024-07-13 14:00:03.069877,Site_C,35.6895,139.6917,511.3867925246309,42.80976476731338,97.66621294580865,26.28597489156748,7.03002474992536
2024-07-14 14:00:03.069877,Site_A,34.0522,-118.2437,504.38666649413926,51.54424756501369,98.26264889242499,21.683178674535377,6.9942301181319255
2024-07-14 14:00:03.069877,Site_B,25.2048,55.2708,492.77763371893127,43.83104643288477,97.64127484483554,27.055730917450514,6.983280498352147
2024-07-14 14:00:03.069877,Site_C,35.6895,139.6917,497.76809238454405,61.399782564037494,98.57960964963529,20.40491140862199,7.036192724971326
2024-07-15 14:00:03.069877,Site_A,34.0522,-118.2437,497.8047090372941,61.75859957763285,98.43839969596804,26.009205388997966,7.005043889113186
2024-07-15 14:00:03.069877,Site_B,25.2048,55.2708,474.9750404748586,52.91076994978523,98.03325907341755,29.51456395008503,7.054054487183769
2024-07-15 14:00:03.069877,Site_C,35.6895,139.6917,494.3598872330699,49.26302122961886,97.7725186980031,23.392222142840527,7.052577110233547
2024-07-16 14:00:03.069877,Site_A,34.0522,-118.2437,481.45036300727867,47.195005634098855,98.29303506852536,26.50011650237706,6.959903475921704
2024-07-16 14:00:03.069877,Site_B,25.2048,55.2708,506.152572165357,55.12706257912262,97.71710822427575,22.326073608030743,6.796458569578718
2024-07-16 14:00:03.069877,Site_C,35.6895,139.6917,505.6090055296972,54.92088644362982,97.38518255628196,24.913856324701595,6.921908299378627
2024-07-17 14:00:03.069877,Site_A,34.0522,-118.2437,507.5635964183491,44.00530077149959,98.06357315630021,27.794431479643897,7.095270774254543
2024-07-17 14:00:03.069877,Site_B,25.2048,55.2708,498.735083454019,44.319933222949786,97.43996441070112,27.864442058456316,7.110633359351406
2024-07-17 14:00:03.069877,Site_C,35.6895,139.6917,500.95777998680313,49.16455534463001,97.45085309549385,30.69876518848003,6.9266132019250986
2024-07-18 14:00:03.069877,Site_A,34.0522,-118.2437,494.90166077762086,49.16844242827727,97.48269502204107,23.885683900548038,7.056816555783305
2024-07-18 14:00:03.069877,Site_B,25.2048,55.2708,487.12780789499726,45.73546727014416,98.06580530319401,19.75288903517532,7.127155307604104
2024-07-18 14:00:03.069877,Site_C,35.6895,139.6917,511.84364818527433,46.40552736214324,98.3243873428474,25.772990200706012,7.074262723221901
2024-07-19 14:00:03.069877,Site_A,34.0522,-118.2437,495.7138126275673,47.940518501907384,96.17989505836165,22.18492120633752,7.062928234009573
2024-07-19 14:00:03.069877,Site_B,25.2048,55.2708,499.0983780076147,47.24965966737055,97.54776434181186,20.210267447871196,7.11970336052789
2024-07-19 14:00:03.069877,Site_C,35.6895,139.6917,504.49813680897216,52.186687581611245,97.66762886206871,29.552728165571928,6.831547804787404
2024-07-20 14:00:03.069877,Site_A,34.0522,-118.2437,496.0139583476391,48.20022649218699,97.91858641035547,19.362760843036334,6.845063354840603
2024-07-20 14:00:03.069877,Site_B,25.2048,55.2708,498.07834699792613,50.86907534852575,98.22367052983337,19.58643027251194,6.817533955444982
2024-07-20 14:00:03.069877,Site_C,35.6895,139.6917,503.9134237342369,46.07616336595378,96.82886546903548,28.28705687337334,7.044607973776288
2024-07-21 14:00:03.069877,Site_A,34.0522,-118.2437,497.7253439351531,54.94096148086584,98.71832087838519,28.562371194755674,6.965156903314715
2024-07-21 14:00:03.069877,Site_B,25.2048,55.2708,497.8275936689822,51.72410670103224,98.27703561449324,33.02275261479906,7.033032458981238
2024-07-21 14:00:03.069877,Site_C,35.6895,139.6917,492.13812950006275,48.48699541322625,98.14368464798225,28.002200257941016,7.149834785596856
2024-07-22 14:00:03.069877,Site_A,34.0522,-118.2437,500.9465705841171,58.88177691937831,98.53003286992583,25.815147959046953,6.79655271191933
2024-07-22 14:00:03.069877,Site_B,25.2048,55.2708,496.5962189080855,51.698693864061276,98.27112623311824,22.848102254275492,6.985477773083045
2024-07-22 14:00:03.069877,Site_C,35.6895,139.6917,510.0842133033359,48.746426731070784,98.48588173963,28.33300857184919,6.992708697615483
2024-07-23 14:00:03.069877,Site_A,34.0522,-118.2437,498.1470393805283,51.90662732440647,98.05561072914898,25.391966922393877,7.074670335142289
2024-07-23 14:00:03.069877,Site_B,25.2048,55.2708,510.3850216290719,45.597136975430985,99.09453527955371,24.119250012008283,7.119846235623427
2024-07-23 14:00:03.069877,Site_C,35.6895,139.6917,479.37554810768654,49.33071248694724,97.34364050997426,28.367886965378773,6.951185488073787
2024-07-24 14:00:03.069877,Site_A,34.0522,-118.2437,496.352437519927,44.253300691145164,97.50333904215437,27.589571958808918,7.172221851037769
2024-07-24 14:00:03.069877,Site_B,25.2048,55.2708,510.83470111658016,43.3911298524707,99.66326393405434,25.49047477759416,7.179861777620958
2024-07-24 14:00:03.069877,Site_C,35.6895,139.6917,493.0049478422118,51.783960126041755,98.05529471100785,28.319230045340603,6.912441935526327
2024-07-25 14:00:03.069877,Site_A,34.0522,-118.2437,516.7007304634886,48.154907459098546,97.54095188751138,24.872032947318896,6.943167186904826
2024-07-25 14:00:03.069877,Site_B,25.2048,55.2708,493.9025724281745,53.615017891796185,98.57976715066938,32.734652007095775,7.159183531823346
2024-07-25 14:00:03.069877,Site_C,35.6895,139.6917,524.205563415652,48.309202150144365,98.78000306028456,18.802181709095517,7.166373445870502
2024-07-26 14:00:03.069877,Site_A,34.0522,-118.2437,506.76608623021184,53.91585524734952,98.48108878742758,29.59104931935064,6.9738684521021534
2024-07-26 14:00:03.069877,Site_B,25.2048,55.2708,496.1515976796949,44.56950394101029,97.55689874636758,22.746061158609216,6.922458309827146
2024-07-26 14:00:03.069877,Site_C,35.6895,139.6917,518.0277290513467,51.038748436642884,97.71217305965565,24.396686131790855,7.000358478468381
2024-07-27 14:00:03.069877,Site_A,34.0522,-118.2437,507.7655056237113,51.33960400495319,98.23974822845854,25.736906876761985,7.1073927452309364
2024-07-27 14:00:03.069877,Site_B,25.2048,55.2708,511.60817155885996,49.20984999455382,98.3856617170461,28.80848950638194,6.824447120523527
2024-07-27 14:00:03.069877,Site_C,35.6895,139.6917,508.8699789952714,52.841928129801275,98.17583629681666,24.988435626511144,7.130173983137642
2024-07-28 14:00:03.069877,Site_A,34.0522,-118.2437,521.8183278752363,49.001130802490344,98.17826401403727,26.091201350000294,7.028072709790715
2024-07-28 14:00:03.069877,Site_B,25.2048,55.2708,506.5789499627743,51.09590457597541,97.54277182340252,28.9581706580224,7.068972499777765
2024-07-28 14:00:03.069877,Site_C,35.6895,139.6917,501.6210015073661,50.97201977328028,98.065840084978,30.51621909427262,7.033362570175066
2024-07-29 14:00:03.069877,Site_A,34.0522,-118.2437,518.4186932891434,47.49600349068204,97.61155402256963,28.55827057313775,7.02965393858776
2024-07-29 14:00:03.069877,Site_B,25.2048,55.2708,501.8388222196359,43.63897120746132,98.26074258217159,25.089500443242308,7.110890048259036
2024-07-29 14:00:03.069877,Site_C,35.6895,139.6917,507.54292882673803,43.49776454491036,98.48363937126022,24.829854340922246,7.194426772803075
2024-07-30 14:00:03.069877,Site_A,34.0522,-118.2437,500.6745126775318,53.09378121979831,98.0995933530669,25.632143301432365,6.923833913172112
2024-07-30 14:00:03.069877,Site_B,25.2048,55.2708,521.3918058781591,51.17735166968627,97.45463583061154,25.50804414392717,7.09431392984239
2024-07-30 14:00:03.069877,Site_C,35.6895,139.6917,489.5049698982737,46.4238868659649,98.02605605540982,27.524649689889177,6.921154724478126
2024-07-31 14:00:03.069877,Site_A,34.0522,-118.2437,502.8630386348052,49.085923119618336,97.90826333727017,29.101069754048996,6.993400136988026
2024-07-31 14:00:03.069877,Site_B,25.2048,55.2708,515.4090602709648,53.45644264859409,97.60996810562236,27.20713735962904,7.063211417736456
2024-07-31 14:00:03.069877,Site_C,35.6895,139.6917,497.9184465457218,52.44596533436912,97.66121715281781,30.402403994975643,7.0304918307843876
2024-08-01 14:00:03.069877,Site_A,34.0522,-118.2437,503.6586731474974,51.54590163252732,97.8691031028541,29.850259485842628,6.902279682484084
2024-08-01 14:00:03.069877,Site_B,25.2048,55.2708,483.8667331239821,51.06097087924994,98.46260841024271,24.77324872014968,6.9434905599983905
2024-08-01 14:00:03.069877,Site_C,35.6895,139.6917,495.88496822102724,52.444144698254334,97.16085738563056,22.689899552108674,6.878787676904859
2024-08-02 14:00:03.069877,Site_A,34.0522,-118.2437,488.4436519893689,47.504332195701544,97.29451930645526,23.085513197646517,6.897571837871852
2024-08-02 14:00:03.069877,Site_B,25.2048,55.2708,491.54993505123184,51.95685870582227,98.23516726297781,21.043734936300254,7.056454958906965
2024-08-02 14:00:03.069877,Site_C,35.6895,139.6917,488.0969798747924,49.5196575601866,98.18512063355487,17.60054188327666,6.9588716225890686
2024-08-03 14:00:03.069877,Site_A,34.0522,-118.2437,504.42512711609254,45.43858429504939,97.55755052040402,22.748033682997388,6.945443250803332
2024-08-03 14:00:03.069877,Site_B,25.2048,55.2708,514.3731945827866,48.592264486218234,98.39231745993797,26.744621958425657,6.98285068386852
2024-08-03 14:00:03.069877,Site_C,35.6895,139.6917,495.89873112749547,62.54861334566567,98.51652385835195,25.133025074292718,6.9538041373524315
2024-08-04 14:00:03.069877,Site_A,34.0522,-118.2437,506.91732184682746,47.66094676201082,98.22680563561968,28.342382416334786,6.910677009408611
2024-08-04 14:00:03.069877,Site_B,25.2048,55.2708,510.99210094875946,60.372346750188626,97.62253031677783,25.584175426625517,6.989019635332412
2024-08-04 14:00:03.069877,Site_C,35.6895,139.6917,507.3134404178793,42.27345912118864,97.65890820064136,24.882839430960093,6.917588406799399
2024-08-05 14:00:03.069877,Site_A,34.0522,-118.2437,507.01636377629,52.790772838491975,97.87603503518223,30.952301233369198,6.808984515627388
2024-08-05 14:00:03.069877,Site_B,25.2048,55.2708,497.00228372516597,44.184337005678415,98.11893215031941,26.600995494634983,7.015043849008943
2024-08-05 14:00:03.069877,Site_C,35.6895,139.6917,492.18036117864915,52.36463779048494,98.20546339224335,23.761153896218065,7.000559603685816
2024-08-06 14:00:03.069877,Site_A,34.0522,-118.2437,502.9664834788933,50.58484010338721,97.73752513307653,24.91511062770201,7.07098914752533
2024-08-06 14:00:03.069877,Site_B,25.2048,55.2708,489.2281919162281,49.63944733281013,98.00266962151025,18.707266408210092,6.903087140505372
2024-08-06 14:00:03.069877,Site_C,35.6895,139.6917,495.8661063649167,45.820165947249244,98.1329561830072,24.255418217643108,6.961866701783958
2024-08-07 14:00:03.069877,Site_A,34.0522,-118.2437,491.2944912125102,53.20424830606018,98.92334253068593,26.593934052038207,7.00398869976393
2024-08-07 14:00:03.069877,Site_B,25.2048,55.2708,487.17036323104367,47.90052395967924,98.26652240702296,22.927928930595357,6.948166929760562
2024-08-07 14:00:03.069877,Site_C,35.6895,139.6917,521.3772505226743,52.85054259778521,97.55740866550428,24.051101229778936,7.167382156735411
2024-08-08 14:00:03.069877,Site_A,34.0522,-118.2437,489.94383305204474,55.760002376764085,98.25813662669827,28.849563781136037,6.9628404672053135
2024-08-08 14:00:03.069877,Site_B,25.2048,55.2708,501.2199359792567,52.582348940281655,97.86009779202406,25.020551247401787,6.980076677308279
2024-08-08 14:00:03.069877,Site_C,35.6895,139.6917,487.90066728556826,51.66796074909674,98.15351319599489,25.398656490657427,7.125619876155195
2024-08-09 14:00:03.069877,Site_A,34.0522,-118.2437,525.5555531721726,50.65468956728998,98.1837667197498,23.84829190812615,6.937113908356998
2024-08-09 14:00:03.069877,Site_B,25.2048,55.2708,505.63810734626895,38.75098630943987,97.214342679531,26.96135044067956,7.016102380467421
2024-08-09 14:00:03.069877,Site_C,35.6895,139.6917,501.2148962489575,47.72585310713908,98.66479939790005,23.949850292692716,6.927858348574149
2024-08-10 14:00:03.069877,Site_A,34.0522,-118.2437,499.4570586139288,43.96653592523313,98.31606688296539,24.775741140610435,6.988367914751753
2024-08-10 14:00:03.069877,Site_B,25.2048,55.2708,495.08206353767486,50.34842081351372,98.09118644921305,19.54069788348961,6.985046263092843
2024-08-10 14:00:03.069877,Site_C,35.6895,139.6917,506.6711786731371,54.68403185196462,98.45397940291434,19.767166786035162,7.190258907415444
2024-08-11 14:00:03.069877,Site_A,34.0522,-118.2437,499.3605149748247,51.30633960241933,97.68930114253973,26.589641506101025,6.9566406067245365
2024-08-11 14:00:03.069877,Site_B,25.2048,55.2708,494.74842624316767,50.953956969216264,97.72847954168186,25.71183969750583,7.07750135133076
2024-08-11 14:00:03.069877,Site_C,35.6895,139.6917,506.92333666141803,51.52160163527004,97.97035420520437,27.924702015316008,7.17086456633396
2024-08-12 14:00:03.069877,Site_A,34.0522,-118.2437,517.6968857213974,52.395198017252326,97.32924866747331,24.639870709173312,6.9254233417041275
2024-08-12 14:00:03.069877,Site_B,25.2048,55.2708,477.6106660177558,53.26834486634498,97.80153160359646,29.707193094182735,6.870932629940946
2024-08-12 14:00:03.069877,Site_C,35.6895,139.6917,510.4877205601491,61.10558337039568,96.57146768176433,23.98404532718887,7.10605543182002
2024-08-13 14:00:03.069877,Site_A,34.0522,-118.2437,503.1579315218181,50.94114782586793,97.70675758166178,26.968495838090007,7.006032213306756
2024-08-13 14:00:03.069877,Site_B,25.2048,55.2708,508.1268635434884,55.672401566708565,97.39139059086645,22.81151385069934,6.918193315479604
2024-08-13 14:00:03.069877,Site_C,35.6895,139.6917,500.15806180456724,44.224287945551,97.99147366300646,24.225473873061766,6.885748110647935
2024-08-14 14:00:03.069877,Site_A,34.0522,-118.2437,494.92264077143466,53.532820221134834,98.19715913273815,21.971230489963553,7.217735771151489
2024-08-14 14:00:03.069877,Site_B,25.2048,55.2708,517.5992383409765,51.5512822661108,98.31583414390722,22.284509048387037,7.07512425670628
2024-08-14 14:00:03.069877,Site_C,35.6895,139.6917,502.46498668302655,53.13815514860702,97.68147283382596,24.85785881189608,7.226107478063504
2024-08-15 14:00:03.069877,Site_A,34.0522,-118.2437,504.0083164134969,48.015620391320304,97.95884347860564,21.43930268590372,7.078536353860779
2024-08-15 14:00:03.069877,Site_B,25.2048,55.2708,500.4828087796678,42.332430176140065,98.76952584887363,23.17218776627066,6.906658399602272
2024-08-15 14:00:03.069877,Site_C,35.6895,139.6917,511.3830079571651,51.51100072507773,97.61381434745574,25.979053125248345,6.968376789895769
2024-08-16 14:00:03.069877,Site_A,34.0522,-118.2437,506.68635380189477,44.92041275608632,97.71195165347099,28.065400318489438,6.8158605360009545
2024-08-16 14:00:03.069877,Site_B,25.2048,55.2708,508.97008525191075,43.14563274382623,97.3821423602902,27.001202020841554,7.253020088053563
2024-08-16 14:00:03.069877,Site_C,35.6895,139.6917,491.83814316053315,46.342918191486625,97.94408739599182,27.851689062057044,7.193575996152145
2024-08-17 14:00:03.069877,Site_A,34.0522,-118.2437,510.88927312068375,45.36271734234196,98.06045179547519,27.83591888746414,6.880745675325664
2024-08-17 14:00:03.069877,Site_B,25.2048,55.2708,505.11328961324887,50.108806830605864,97.28116648183048,21.294437255191077,7.062658239560162
2024-08-17 14:00:03.069877,Site_C,35.6895,139.6917,515.7563335438545,42.74777233949926,97.758574743022,22.38929922685964,6.944518065798677
2024-08-18 14:00:03.069877,Site_A,34.0522,-118.2437,500.75319405795216,55.27112884607207,98.42223558764086,24.282242339054363,6.937487707990536
2024-08-18 14:00:03.069877,Site_B,25.2048,55.2708,493.546606837979,47.849997825229266,97.80937584743863,31.8892980864004,7.205913633235873
2024-08-18 14:00:03.069877,Site_C,35.6895,139.6917,503.3535058057343,40.02007432866337,98.14606382213535,21.950093459190047,6.821399051951554
2024-08-19 14:00:03.069877,Site_A,34.0522,-118.2437,496.4798813921179,55.94164675870745,98.10159181737778,25.096053158468397,6.941861634088527
2024-08-19 14:00:03.069877,Site_B,25.2048,55.2708,495.99207116594687,52.23110877150341,97.90223496590764,23.757310644221576,7.042564045216818
2024-08-19 14:00:03.069877,Site_C,35.6895,139.6917,503.10864707851687,48.0839506096852,98.43028927873846,25.288929047547125,7.070833248947393
2024-08-20 14:00:03.069877,Site_A,34.0522,-118.2437,503.7405468830962,55.8885976302976,98.84542455064505,25.243848793972337,7.084045297949748
2024-08-20 14:00:03.069877,Site_B,25.2048,55.2708,498.80361764965244,54.19981520279062,97.70857726509713,22.8838092648174,7.0244883367627855
2024-08-20 14:00:03.069877,Site_C,35.6895,139.6917,486.7006891754085,51.36858093120983,98.15845981171776,22.63658953363926,7.091213608038904
2024-08-21 14:00:03.069877,Site_A,34.0522,-118.2437,496.54950923055486,52.76611119886895,99.14103081693659,27.475521335612626,6.6800985955862275
2024-08-21 14:00:03.069877,Site_B,25.2048,55.2708,487.9567591627159,41.00357209798363,98.29781689529887,22.196898357756055,6.976436175444326
2024-08-21 14:00:03.069877,Site_C,35.6895,139.6917,473.4803343111846,47.17150221499092,97.12254177905776,24.87999916584756,6.851538821862037
2024-08-22 14:00:03.069877,Site_A,34.0522,-118.2437,517.9473828350356,45.9122782800824,97.37393820574546,23.653108093015806,7.0289343061295595
2024-08-22 14:00:03.069877,Site_B,25.2048,55.2708,513.1096250235254,43.96660257178343,98.07708280547291,23.91399920803111,6.840888970503269
2024-08-22 14:00:03.069877,Site_C,35.6895,139.6917,492.7621560247706,46.776312225155074,98.09899858920585,29.184444111643902,7.035274236665906
2024-08-23 14:00:03.069877,Site_A,34.0522,-118.2437,516.1667827388635,54.9788585784916,97.40459714587142,23.112837809734554,7.0123457195018934
2024-08-23 14:00:03.069877,Site_B,25.2048,55.2708,494.38847650379375,56.90210387953586,98.84042621493208,20.044226140653862,6.892728799585891
2024-08-23 14:00:03.069877,Site_C,35.6895,139.6917,519.9434637445436,55.30372646788795,98.02414705429634,22.94078738818643,7.025256119268511
2024-08-24 14:00:03.069877,Site_A,34.0522,-118.2437,499.8607021451673,46.205668976767626,97.77339041400471,27.33979076056129,6.785949377004685
2024-08-24 14:00:03.069877,Site_B,25.2048,55.2708,508.1505599990687,55.84299132262283,97.7575737436763,20.890354562872016,6.915751712662041
2024-08-24 14:00:03.069877,Site_C,35.6895,139.6917,492.07746630271635,53.95950998316961,98.39749321350172,24.410616050097577,6.96224999126325
2024-08-25 14:00:03.069877,Site_A,34.0522,-118.2437,504.8887054451704,48.598808290722616,97.68433488890305,19.397930098637072,6.744572570591545
2024-08-25 14:00:03.069877,Site_B,25.2048,55.2708,507.7285808470729,43.791419974330644,97.53813151373113,24.803793513930295,6.952785797294887
2024-08-25 14:00:03.069877,Site_C,35.6895,139.6917,505.914580596013,49.038872902420295,97.93085257773915,19.593615044634625,7.127310779012519
2024-08-26 14:00:03.069877,Site_A,34.0522,-118.2437,496.4012605290438,52.21191315875151,97.8140854273516,21.718402278775322,6.905672787740927
2024-08-26 14:00:03.069877,Site_B,25.2048,55.2708,497.6470470677129,44.68135813701717,97.54989347577147,26.69994411644692,7.104440288180902
2024-08-26 14:00:03.069877,Site_C,35.6895,139.6917,504.505575020386,47.274252798153384,98.63929196759236,24.098646236301942,7.069572937137066
2024-08-27 14:00:03.069877,Site_A,34.0522,-118.2437,502.4464217524764,49.02818846199319,97.86039189676727,26.161713001186726,7.06710965524039
2024-08-27 14:00:03.069877,Site_B,25.2048,55.2708,495.9909380352613,45.46964500065956,98.0771959618601,21.4395985793697,6.924374296992449
2024-08-27 14:00:03.069877,Site_C,35.6895,139.6917,501.89134096330304,42.33990617973905,97.55078920046269,25.051279429917138,6.975737797692283
2024-08-28 14:00:03.069877,Site_A,34.0522,-118.2437,480.58140594124717,56.57553351891882,98.32721752626682,27.260746286543537,6.812502601601806
2024-08-28 14:00:03.069877,Site_B,25.2048,55.2708,485.65962902705473,37.28316976959172,97.59898352615959,21.40387070039212,6.930589583117255
2024-08-28 14:00:03.069877,Site_C,35.6895,139.6917,493.04840276203265,50.25596169316541,98.27944320692437,23.18479146416533,6.941357531629869
2024-08-29 14:00:03.069877,Site_A,34.0522,-118.2437,494.9354681258522,47.98867835476856,98.11988592321947,25.953093637116446,7.177861149768111
2024-08-29 14:00:03.069877,Site_B,25.2048,55.2708,477.3980409294851,49.53362299263388,97.35759976014852,29.063002752488366,7.02766406152211
2024-08-29 14:00:03.069877,Site_C,35.6895,139.6917,506.4457191414363,45.97506097236616,97.1494639243099,26.765204547849862,6.931115336003248
2024-08-30 14:00:03.069877,Site_A,34.0522,-118.2437,494.13312439668823,51.677722781195776,97.71417304161666,22.34686498922355,6.884772672786077
2024-08-30 14:00:03.069877,Site_B,25.2048,55.2708,490.02146704968453,48.0091896735621,97.35526861000695,22.07086449497872,7.0731293104475945
2024-08-30 14:00:03.069877,Site_C,35.6895,139.6917,502.1268740444656,51.231466878010636,97.9532814481921,22.68972828338249,7.021714921118359
2024-08-31 14:00:03.069877,Site_A,34.0522,-118.2437,498.63482656605595,49.23022365222783,97.88746099419407,19.58418782892037,6.989569323983256
2024-08-31 14:00:03.069877,Site_B,25.2048,55.2708,507.01652033895016,48.94547809841292,97.81416099664551,24.313595572492265,6.965005552771844
2024-08-31 14:00:03.069877,Site_C,35.6895,139.6917,518.5735783226495,47.36108574584767,97.76664270637696,24.3020134145252,7.01536260339601
2024-09-01 14:00:03.069877,Site_A,34.0522,-118.2437,484.7300890969992,49.736941417707015,97.58565266966137,24.6031494333597,7.075277257309591
2024-09-01 14:00:03.069877,Site_B,25.2048,55.2708,500.4685429341479,47.78186010118213,98.52153519086953,18.428893134012537,6.987730627512946
2024-09-01 14:00:03.069877,Site_C,35.6895,139.6917,486.2822418799205,50.4473479132218,98.53054638606835,21.633988353611027,7.0752275168317365
2024-09-02 14:00:03.069877,Site_A,34.0522,-118.2437,495.89282628162266,54.80324166325955,98.10742626384855,29.630035310445724,7.022744170327008
2024-09-02 14:00:03.069877,Site_B,25.2048,55.2708,506.94251706648305,50.77226080331812,96.60904488561911,21.41793649631128,7.020187685865034
2024-09-02 14:00:03.069877,Site_C,35.6895,139.6917,518.6152701191551,48.80327622752011,98.12266952705832,24.5877179994759,7.067011159265733
2024-09-03 14:00:03.069877,Site_A,34.0522,-118.2437,494.9314162632,49.22798216558531,98.63218619159721,27.429404763200065,7.0530830475550355
2024-09-03 14:00:03.069877,Site_B,25.2048,55.2708,500.52054543363795,52.33159107278698,98.42076548651396,29.313320568632385,6.987247235508206
2024-09-03 14:00:03.069877,Site_C,35.6895,139.6917,502.2843411085084,55.73813755613162,98.18458239590197,26.666430638604815,7.016117120241641
2024-09-04 14:00:03.069877,Site_A,34.0522,-118.2437,505.8961532952311,56.6179187858205,98.09924972089148,27.974891824216797,6.897555317341784
2024-09-04 14:00:03.069877,Site_B,25.2048,55.2708,523.7934363837571,43.271920285670554,97.94652128899554,25.052958796146772,6.883829052059209
2024-09-04 14:00:03.069877,Site_C,35.6895,139.6917,492.3139387149623,46.548421474131686,97.73181188515234,20.48052992407271,7.023012759138147
2024-09-05 14:00:03.069877,Site_A,34.0522,-118.2437,497.81030566421725,48.990512512889396,96.93937162132359,24.599310865048782,7.055832289770382
2024-09-05 14:00:03.069877,Site_B,25.2048,55.2708,511.8279524755375,58.07744051325594,97.84430318423613,24.980715997604268,7.000829373170368
2024-09-05 14:00:03.069877,Site_C,35.6895,139.6917,491.5393870282711,52.68941433571158,98.9713143350219,24.341180323509256,6.975178297957583
2024-09-06 14:00:03.069877,Site_A,34.0522,-118.2437,491.40187444302853,44.71426892400926,98.43216095567712,22.865430102207394,6.8306614860964725
2024-09-06 14:00:03.069877,Site_B,25.2048,55.2708,516.0696087974861,43.5249064898201,98.16434182775637,27.419216608197118,6.924540766298898
2024-09-06 14:00:03.069877,Site_C,35.6895,139.6917,490.40048509236357,46.03025716517785,97.68771640385164,26.841485495270337,7.089801666854306
2024-09-07 14:00:03.069877,Site_A,34.0522,-118.2437,502.5996665487627,44.31049377901381,98.62265469218893,27.485590955468435,7.035826486660538
2024-09-07 14:00:03.069877,Site_B,25.2048,55.2708,506.94652047682035,46.836616301676635,98.71964990889741,25.73882774647126,7.155469359961605
2024-09-07 14:00:03.069877,Site_C,35.6895,139.6917,491.0279439514988,46.54233483720502,98.15661974987542,24.667874268903095,7.102341057176646
2024-09-08 14:00:03.069877,Site_A,34.0522,-118.2437,500.0035303457687,49.769908472621175,97.72066634137389,26.25854895174223,7.178184911191745
2024-09-08 14:00:03.069877,Site_B,25.2048,55.2708,505.7658922868357,48.74403542049688,98.56327425017635,23.393069182004243,7.0506865772919065
2024-09-08 14:00:03.069877,Site_C,35.6895,139.6917,518.0032707878404,42.07504466622722,98.86438498097472,28.421574734020936,6.993111690341895
2024-09-09 14:00:03.069877,Site_A,34.0522,-118.2437,505.2440518726725,53.466017324987476,97.92530001946932,22.65754627035216,7.006213370866727
2024-09-09 14:00:03.069877,Site_B,25.2048,55.2708,500.13577112505766,49.48882818227081,98.58791515724924,23.409683719456236,6.933106532303028
2024-09-09 14:00:03.069877,Site_C,35.6895,139.6917,507.0510599520025,49.07935739655918,96.69909508039876,25.163092957799748,7.004388065081786
2024-09-10 14:00:03.069877,Site_A,34.0522,-118.2437,476.0159924726259,53.603281326478694,98.2028063093597,23.194193907528533,6.854798606186583
2024-09-10 14:00:03.069877,Site_B,25.2048,55.2708,498.88456948544155,43.93959180050659,97.4076124223514,22.141296944471698,6.758451777899572
2024-09-10 14:00:03.069877,Site_C,35.6895,139.6917,497.799551893787,55.11838858694847,98.22712624898058,23.73825442010877,6.957079294978144
2024-09-11 14:00:03.069877,Site_A,34.0522,-118.2437,491.3673164973653,47.38660244496239,97.96155088145113,18.720983517646037,6.969492312026282
2024-09-11 14:00:03.069877,Site_B,25.2048,55.2708,509.03260779111963,46.702621846771365,97.71080112957128,25.262990645139727,7.173289175550086
2024-09-11 14:00:03.069877,Site_C,35.6895,139.6917,502.4954092793709,41.688668744635855,98.15951866866554,26.870041507485297,6.892816324202851
2024-09-12 14:00:03.069877,Site_A,34.0522,-118.2437,496.33298435045066,50.48830893542908,96.75747233160781,27.02341528160196,6.93827561701333
2024-09-12 14:00:03.069877,Site_B,25.2048,55.2708,499.6982853832461,48.02879043750428,96.40046637283523,30.73338213629737,6.915659831527582
2024-09-12 14:00:03.069877,Site_C,35.6895,139.6917,485.60590714755034,49.76573251704972,99.01439622695902,22.120270222046894,7.082636254881063
2024-09-13 14:00:03.069877,Site_A,34.0522,-118.2437,498.84774834825095,51.665645794087446,98.57375239358326,22.529053300196974,7.116076213474453
2024-09-13 14:00:03.069877,Site_B,25.2048,55.2708,487.2074660739534,53.17546900430061,97.53934523337125,25.727526324443883,6.9851376946329795
2024-09-13 14:00:03.069877,Site_C,35.6895,139.6917,500.9098705918435,44.21577127493945,98.27507870230745,26.206439667278964,7.029937347581909
2024-09-14 14:00:03.069877,Site_A,34.0522,-118.2437,502.65221854642647,44.04753503395733,97.35904098259905,24.49560672324465,7.096618630156402
2024-09-14 14:00:03.069877,Site_B,25.2048,55.2708,499.3950117141043,52.132988002717376,97.82926270954925,21.649706728832967,6.9838707726438765
2024-09-14 14:00:03.069877,Site_C,35.6895,139.6917,489.89679581006135,43.004638240645576,98.61158074050986,31.631766430384413,6.913149837582597
2024-09-15 14:00:03.069877,Site_A,34.0522,-118.2437,487.99118272981354,42.873794690885966,98.18118690480108,25.464984521317298,6.946293719547002
2024-09-15 14:00:03.069877,Site_B,25.2048,55.2708,488.46179280315096,50.833184680730476,98.45820449698469,27.40899315230164,7.017207124385617
2024-09-15 14:00:03.069877,Site_C,35.6895,139.6917,492.42887793439934,42.82285237925782,98.71775092547274,22.9592704455604,6.911095688118301
2024-09-16 14:00:03.069877,Site_A,34.0522,-118.2437,493.0019809196536,50.69192858228612,97.58745473023039,20.937631030617474,6.96993567608528
2024-09-16 14:00:03.069877,Site_B,25.2048,55.2708,518.8551906051671,49.028854106384685,98.42363655114752,28.6560254387257,6.999077576764604
2024-09-16 14:00:03.069877,Site_C,35.6895,139.6917,491.7495803833395,61.203999667867635,98.50245192150686,30.072683900352494,7.093597454405212
2024-09-17 14:00:03.069877,Site_A,34.0522,-118.2437,503.59322585189904,56.74697354866229,98.15252418353258,21.134963559920756,6.985925369509383
2024-09-17 14:00:03.069877,Site_B,25.2048,55.2708,503.0705152349155,48.78499945518249,98.11367331362443,27.790740185976087,6.922276868685076
2024-09-17 14:00:03.069877,Site_C,35.6895,139.6917,508.2441405120247,51.84352731876575,98.03256859457208,25.733826336107462,7.078461964407368
2024-09-18 14:00:03.069877,Site_A,34.0522,-118.2437,502.8787663049097,50.42133293248841,97.55971675242898,25.14188741048003,7.018183096307047
2024-09-18 14:00:03.069877,Site_B,25.2048,55.2708,487.20883401955933,52.96321587345571,97.97698745878961,23.902720211816476,7.087059146816869
2024-09-18 14:00:03.069877,Site_C,35.6895,139.6917,494.11415215075675,48.931651115029666,98.42005393755404,26.081810392805505,6.928460877262602
2024-09-19 14:00:03.069877,Site_A,34.0522,-118.2437,505.21125133368605,48.89337422193796,97.38570586514288,22.73997643082733,7.00210757853923
2024-09-19 14:00:03.069877,Site_B,25.2048,55.2708,507.0189885205981,49.059356639116025,98.01550680736602,19.876251070454693,7.067357999429927
2024-09-19 14:00:03.069877,Site_C,35.6895,139.6917,489.5236527150195,43.46210319718179,98.15557066253086,24.389260849374278,7.011975044762001
2024-09-20 14:00:03.069877,Site_A,34.0522,-118.2437,495.1385039944819,50.87409614758985,98.02377631652273,22.395026194651248,7.034423086983563
2024-09-20 14:00:03.069877,Site_B,25.2048,55.2708,498.6240187014204,57.20584175457201,98.14438683164303,28.709878016463335,7.234413362475403
2024-09-20 14:00:03.069877,Site_C,35.6895,139.6917,512.800337850461,48.26796372174339,96.96114521428136,24.279268276367187,7.082974877113404
2024-09-21 14:00:03.069877,Site_A,34.0522,-118.2437,516.4196220205916,52.56936949991307,97.2941793604697,24.225278241840453,6.839171280526545
2024-09-21 14:00:03.069877,Site_B,25.2048,55.2708,497.54888121067887,41.56501220640783,98.47753956627619,25.616365969612055,6.938685445793329
2024-09-21 14:00:03.069877,Site_C,35.6895,139.6917,501.6625091331474,49.25153927829811,98.15426042423354,24.504427401937633,6.989398412712442
2024-09-22 14:00:03.069877,Site_A,34.0522,-118.2437,503.71666061944967,59.45057345113471,97.84216349082621,25.554379714044252,7.055313733887066
2024-09-22 14:00:03.069877,Site_B,25.2048,55.2708,499.3873135139657,56.44392740221216,98.00042554316347,25.971087669535812,7.047308683361926
2024-09-22 14:00:03.069877,Site_C,35.6895,139.6917,497.09129005623686,33.91019566853396,97.75827747064405,22.34215675901382,6.950977225566762
2024-09-23 14:00:03.069877,Site_A,34.0522,-118.2437,506.72502031387967,45.685365136413154,99.10654553303108,25.291415049159795,6.964940568466877
2024-09-23 14:00:03.069877,Site_B,25.2048,55.2708,495.58529358587066,56.98792661789662,98.28787783728146,24.59195855445384,7.079792957374745
2024-09-23 14:00:03.069877,Site_C,35.6895,139.6917,477.0878245405373,43.4838098923376,97.85542503388623,24.682960398219887,6.923048535382519
2024-09-24 14:00:03.069877,Site_A,34.0522,-118.2437,518.8839909900503,42.185731593552866,98.63711733915777,26.933445700829054,7.141506732712942
2024-09-24 14:00:03.069877,Site_B,25.2048,55.2708,486.90841263518143,47.17166911427957,97.17894155251273,23.736455992139575,6.981855932052755
2024-09-24 14:00:03.069877,Site_C,35.6895,139.6917,502.11139151298187,50.621849118051,98.41621047107482,29.694121473381095,7.072265364699423
2024-09-25 14:00:03.069877,Site_A,34.0522,-118.2437,498.8458484189891,59.523380137479094,97.97933486365433,23.952919066798838,7.094815893371846
2024-09-25 14:00:03.069877,Site_B,25.2048,55.2708,507.75181066819647,52.158978688173804,98.04840958983416,25.103040462361474,7.1521116557263715
2024-09-25 14:00:03.069877,Site_C,35.6895,139.6917,504.8520991906523,50.868746536415635,98.0104287400739,20.491135964967228,7.029505194117257
2024-09-26 14:00:03.069877,Site_A,34.0522,-118.2437,496.82817061438743,50.460157587295335,97.77603616701202,24.6559911504018,7.053862214476098
2024-09-26 14:00:03.069877,Site_B,25.2048,55.2708,515.9059319468782,56.27633953320383,99.00263066445524,29.332795598879414,7.205427556344768
2024-09-26 14:00:03.069877,Site_C,35.6895,139.6917,491.81110830124805,50.30657718680335,97.47154949762486,24.958339568292978,6.94428699674531
2024-09-27 14:00:03.069877,Site_A,34.0522,-118.2437,490.67051980358985,47.954624179665515,97.43199101182924,30.589675912463072,6.984012892942846
2024-09-27 14:00:03.069877,Site_B,25.2048,55.2708,507.9988555453348,50.28599427060904,97.82330544977675,26.523870613287258,6.92258493522995
2024-09-27 14:00:03.069877,Site_C,35.6895,139.6917,483.34322625863945,48.924120226970054,97.70916321707477,21.31266765626754,7.043632342393579
2024-09-28 14:00:03.069877,Site_A,34.0522,-118.2437,502.37117263495907,50.11018458346022,98.2851589691921,26.08834005664222,6.996561306595207
2024-09-28 14:00:03.069877,Site_B,25.2048,55.2708,518.9931943334317,53.05939728630135,97.70084653092663,23.08454856773796,7.108435691182384
2024-09-28 14:00:03.069877,Site_C,35.6895,139.6917,520.7683185863758,45.781066940072265,98.36583307098786,22.491124787256783,6.787881126588763
2024-09-29 14:00:03.069877,Site_A,34.0522,-118.2437,510.8721360471553,49.54297665650281,98.32261058611361,20.15305667408535,6.966522435819858
2024-09-29 14:00:03.069877,Site_B,25.2048,55.2708,502.98802138940823,52.026887400574644,98.2239928557458,22.947287649850164,7.1506998629371115
2024-09-29 14:00:03.069877,Site_C,35.6895,139.6917,500.60911538024374,55.52043511267514,98.0412215638007,23.290644146133108,6.898316823581675
2024-09-30 14:00:03.069877,Site_A,34.0522,-118.2437,502.3915068137852,57.28645904220722,98.85222172183036,25.693666945865285,7.002300544103568
2024-09-30 14:00:03.069877,Site_B,25.2048,55.2708,509.8842331994323,39.193595644511376,98.81268008457552,23.599294135845366,7.0902947297775425
2024-09-30 14:00:03.069877,Site_C,35.6895,139.6917,509.62433886045494,55.83412980309807,98.957007146967,30.96167556724214,6.92760508792502
2024-10-01 14:00:03.069877,Site_A,34.0522,-118.2437,504.3753730057976,54.20441674490335,97.7955114940287,22.722961233052242,7.061603598009884
2024-10-01 14:00:03.069877,Site_B,25.2048,55.2708,497.4764238153385,52.40662845410895,97.3832622807351,29.599226678330794,6.85657669295703
2024-10-01 14:00:03.069877,Site_C,35.6895,139.6917,496.84628576266743,49.85504604463141,97.06544092216244,24.48646877923668,7.008140865665772
2024-10-02 14:00:03.069877,Site_A,34.0522,-118.2437,491.36306151849857,45.28686197279701,97.74104242686747,21.26743030936254,7.142554038821612
2024-10-02 14:00:03.069877,Site_B,25.2048,55.2708,488.25369922260023,50.15306941640537,98.14200022329145,22.60219258543908,7.078507567275263
2024-10-02 14:00:03.069877,Site_C,35.6895,139.6917,504.7056978522554,50.816508067972244,97.49536599730055,22.078297860447424,6.868461357984749
2024-10-03 14:00:03.069877,Site_A,34.0522,-118.2437,502.6552087144436,54.77445459533348,98.15631332825231,21.305452848821307,6.918810476467815
2024-10-03 14:00:03.069877,Site_B,25.2048,55.2708,503.47222150019695,49.66789146543389,97.4191404369009,19.325639084821514,6.74013073409097
2024-10-03 14:00:03.069877,Site_C,35.6895,139.6917,506.33860360403884,57.509879705420694,97.91570822496882,24.300564119472188,7.156129127011574
2024-10-04 14:00:03.069877,Site_A,34.0522,-118.2437,498.71966999053797,41.177136193102235,98.66208925524458,26.613537771391496,6.984935024609715
2024-10-04 14:00:03.069877,Site_B,25.2048,55.2708,503.72247696072236,57.39823877056001,98.59048880174728,24.885953195551558,7.043283084865499
2024-10-04 14:00:03.069877,Site_C,35.6895,139.6917,512.7788098496167,48.48037795128961,97.76610194852688,20.10266533498195,6.965884326828418
2024-10-05 14:00:03.069877,Site_A,34.0522,-118.2437,479.55207224622154,54.38960418433303,98.70077362210554,31.290641909046638,6.835496415313635
2024-10-05 14:00:03.069877,Site_B,25.2048,55.2708,499.55627746336035,53.424167074274024,97.90281303315899,25.358283882168646,6.983914657194196
2024-10-05 14:00:03.069877,Site_C,35.6895,139.6917,503.62724999638084,48.226181969387554,98.3604144887616,24.96704557040205,7.038309819197588
2024-10-06 14:00:03.069877,Site_A,34.0522,-118.2437,493.29407073803054,46.58619608323972,97.81657307978061,25.40239561846965,6.998128614064481
2024-10-06 14:00:03.069877,Site_B,25.2048,55.2708,500.7797791040238,51.940499468338416,98.6826307600007,23.393640104984787,6.912713106407796
2024-10-06 14:00:03.069877,Site_C,35.6895,139.6917,496.4399019873444,49.978154763750815,98.06759995845044,24.827512252463162,6.958649938457173
2024-10-07 14:00:03.069877,Site_A,34.0522,-118.2437,513.6633964254237,60.76265201233737,98.23009234104401,23.658249254228338,6.915291658209044
2024-10-07 14:00:03.069877,Site_B,25.2048,55.2708,498.96632819364487,48.67673033184011,98.0410241540326,34.24849296542739,7.014302837425654
2024-10-07 14:00:03.069877,Site_C,35.6895,139.6917,503.6057921164497,48.19251171937529,98.22450979506148,20.032869338214702,6.821139789284763
2024-10-08 14:00:03.069877,Site_A,34.0522,-118.2437,487.12051726531865,55.021988972108716,98.19126645593681,25.28620003844961,6.916427638643956
2024-10-08 14:00:03.069877,Site_B,25.2048,55.2708,499.2221538057896,48.6866177518359,98.17731702729844,20.894727328838705,6.982539071060771
2024-10-08 14:00:03.069877,Site_C,35.6895,139.6917,500.96451159318883,44.55510464226193,99.11774037443008,21.81027572306076,6.911834784441149
2024-10-09 14:00:03.069877,Site_A,34.0522,-118.2437,491.5947599063648,47.88961682829659,99.24435864825587,25.335518053492393,7.009249541244516
2024-10-09 14:00:03.069877,Site_B,25.2048,55.2708,512.5062834081616,48.77488060735566,98.20173974926342,23.46145038856269,7.077569478013123
2024-10-09 14:00:03.069877,Site_C,35.6895,139.6917,484.58965473073886,51.98777340003847,99.25842512440249,16.111394461043645,7.004450923162913
2024-10-10 14:00:03.069877,Site_A,34.0522,-118.2437,502.165353014307,51.890745669953574,98.25911369443024,26.56363654584641,6.867440082790429
2024-10-10 14:00:03.069877,Site_B,25.2048,55.2708,507.42558057796435,45.318178877190185,98.01624411520095,25.34985365964617,7.04975417366889
2024-10-10 14:00:03.069877,Site_C,35.6895,139.6917,486.73794866294486,47.402560382206765,98.3905541677714,26.66212336603808,6.974704664672384
2024-10-11 14:00:03.069877,Site_A,34.0522,-118.2437,504.9084056244716,48.145862632942716,97.68291152600952,24.43493639491551,7.077594998989557
2024-10-11 14:00:03.069877,Site_B,25.2048,55.2708,496.3246546936294,40.452291390053226,98.66124983957425,31.83906841059197,6.958359024684696
2024-10-11 14:00:03.069877,Site_C,35.6895,139.6917,503.76065886563885,49.221825737821625,97.83904302809408,27.27623561191843,7.0277331619607475
2024-10-12 14:00:03.069877,Site_A,34.0522,-118.2437,491.3534881935336,47.00085426191497,98.61238979285578,24.717442220315526,7.007454698132915
2024-10-12 14:00:03.069877,Site_B,25.2048,55.2708,485.3791002948227,42.80001478844963,97.42435427059995,20.203144952065266,6.976554523341717
2024-10-12 14:00:03.069877,Site_C,35.6895,139.6917,508.4933468206685,44.97110220586571,98.66101970591158,24.648344556532102,6.9691255041628475
2024-10-13 14:00:03.069877,Site_A,34.0522,-118.2437,494.8297412110553,57.98208753537314,97.68081855246731,23.217022588762685,7.080192823740003
2024-10-13 14:00:03.069877,Site_B,25.2048,55.2708,505.4183309053298,43.51815487877374,97.8402900754827,22.32804781216852,7.0666535686911764
2024-10-13 14:00:03.069877,Site_C,35.6895,139.6917,517.9318866714784,55.73783670237158,98.22256357566312,25.536806410860923,7.033801544212267
2024-10-14 14:00:03.069877,Site_A,34.0522,-118.2437,498.22945105822464,50.49240988978277,97.88546704357779,28.704136703790205,7.092026981938054
2024-10-14 14:00:03.069877,Site_B,25.2048,55.2708,493.84963429918577,52.05344483264186,98.44964306914655,22.646734675444108,7.005779052059165
2024-10-14 14:00:03.069877,Site_C,35.6895,139.6917,496.1267340122091,54.21976926639844,98.4222078324698,27.37122002489039,7.01152519487901
2024-10-15 14:00:03.069877,Site_A,34.0522,-118.2437,488.60381333206504,50.8577370513699,97.83298916794976,23.90394761956868,6.853771561381487
2024-10-15 14:00:03.069877,Site_B,25.2048,55.2708,501.99755704309564,53.17398407702489,98.37056083495052,25.361539322711895,7.07124557978877
2024-10-15 14:00:03.069877,Site_C,35.6895,139.6917,490.0499890644228,57.18649353676366,97.91434383544328,20.405414411480816,7.144329418875008
2024-10-16 14:00:03.069877,Site_A,34.0522,-118.2437,490.7438843416406,47.05305597474741,98.39748033665747,27.105370813049433,7.032060605855492
2024-10-16 14:00:03.069877,Site_B,25.2048,55.2708,492.5884456368985,50.6890780340096,98.26420802903756,30.28817648487916,6.958688536465906
2024-10-16 14:00:03.069877,Site_C,35.6895,139.6917,493.8068114620903,50.45118028894772,98.22769957525912,26.093814363057042,7.102514009152007
2024-10-17 14:00:03.069877,Site_A,34.0522,-118.2437,497.71919367105846,59.18922846198147,98.00248089108639,30.65952291567497,6.862529983857364
2024-10-17 14:00:03.069877,Site_B,25.2048,55.2708,511.53009254550045,44.18061971337076,97.58312623365603,19.641998226453367,6.9553559321794705
2024-10-17 14:00:03.069877,Site_C,35.6895,139.6917,480.53503407730153,48.23849588648994,98.10218231959841,31.459581531534397,6.980437503965519
2024-10-18 14:00:03.069877,Site_A,34.0522,-118.2437,504.1854993478857,62.024626353610365,98.4281103836168,23.753403574269917,7.100254605910839
2024-10-18 14:00:03.069877,Site_B,25.2048,55.2708,496.4442203418416,57.307218068263595,97.75525967201727,25.065442982912707,7.002680976027897
2024-10-18 14:00:03.069877,Site_C,35.6895,139.6917,503.3889009775845,49.385302202451676,98.45325793901034,22.392583181115427,7.06225604332245
2024-10-19 14:00:03.069877,Site_A,34.0522,-118.2437,498.0214121871644,48.258447808375124,97.32458652715819,25.67468515294052,7.088552035645396
2024-10-19 14:00:03.069877,Site_B,25.2048,55.2708,495.2492526127954,44.82148808982914,98.42062107419135,18.39469736376867,7.05665312633127
2024-10-19 14:00:03.069877,Site_C,35.6895,139.6917,504.1674460694777,42.41400875714568,97.89604454251082,26.323627696346968,7.147848003186622
2024-10-20 14:00:03.069877,Site_A,34.0522,-118.2437,527.7640631126357,44.24341590798727,97.73088031311764,25.423437548050252,6.9399016130089874
2024-10-20 14:00:03.069877,Site_B,25.2048,55.2708,491.24322390738706,54.95379286930317,97.62680468073405,29.607077583289723,7.151869636845532
2024-10-20 14:00:03.069877,Site_C,35.6895,139.6917,501.4772415042387,50.20052424531893,97.62962381868094,27.295084726633625,7.029749478579044
2024-10-21 14:00:03.069877,Site_A,34.0522,-118.2437,496.60333264547967,60.011367576742735,97.96196833420665,20.246504254475745,7.1450880877505645
2024-10-21 14:00:03.069877,Site_B,25.2048,55.2708,503.93955084559843,58.269699098872216,97.8624909420329,22.498029884720445,6.891405351688882
2024-10-21 14:00:03.069877,Site_C,35.6895,139.6917,502.64976854473105,44.73773411567346,98.95518384371599,24.85105916993789,6.953437091044119
2024-10-22 14:00:03.069877,Site_A,34.0522,-118.2437,495.21622844761964,53.649492833438664,97.71513987134138,27.880138430225855,6.999597269132676
2024-10-22 14:00:03.069877,Site_B,25.2048,55.2708,494.8332236019688,50.43492396743688,98.4793393371434,28.077478977583226,7.012327062071512
2024-10-22 14:00:03.069877,Site_C,35.6895,139.6917,511.73344303793436,57.404270712039896,98.81389658936284,26.251931731973222,6.9982515782356565
2024-10-23 14:00:03.069877,Site_A,34.0522,-118.2437,504.84249750331566,51.688801195095316,97.72760169152166,29.009128251097934,7.04829740172112
2024-10-23 14:00:03.069877,Site_B,25.2048,55.2708,516.3240529443854,45.28966580411999,98.20590591758156,24.56496904153468,6.906057697773011
2024-10-23 14:00:03.069877,Site_C,35.6895,139.6917,504.495393098942,47.35873476670393,98.6543113338686,19.73101178507087,7.2109372418677795
2024-10-24 14:00:03.069877,Site_A,34.0522,-118.2437,497.8675926264592,55.18401762489668,97.78644984092713,26.0431208942419,7.075531491482837
2024-10-24 14:00:03.069877,Site_B,25.2048,55.2708,503.00267717611047,49.93473106408511,98.30112400812214,26.314332795057407,7.006457635062082
2024-10-24 14:00:03.069877,Site_C,35.6895,139.6917,488.62372471015425,45.866622545354005,97.82341349130765,23.95490354908887,6.968709973853563
2024-10-25 14:00:03.069877,Site_A,34.0522,-118.2437,501.1703159229502,42.023624917515434,97.47027896335788,25.338805539292615,6.816854160954638
2024-10-25 14:00:03.069877,Site_B,25.2048,55.2708,512.9714569549094,56.94983224920813,98.52522158639992,25.74613393548472,6.864010771422798
2024-10-25 14:00:03.069877,Site_C,35.6895,139.6917,512.8239256145836,53.832947147317284,97.48099440067026,26.64928973416818,7.031716671851704
2024-10-26 14:00:03.069877,Site_A,34.0522,-118.2437,487.20732832178606,52.293114374413214,97.99147440741751,25.466024153246394,7.209356806611806
2024-10-26 14:00:03.069877,Site_B,25.2048,55.2708,502.05428774169246,59.62982306089255,98.23232659260393,24.1210624157155,7.211358073259964
2024-10-26 14:00:03.069877,Site_C,35.6895,139.6917,489.01591983715446,47.78766568464497,99.18690668128006,26.58441515108269,6.940502865091107
2024-10-27 14:00:03.069877,Site_A,34.0522,-118.2437,514.6555951511526,41.485881807509166,99.02130860986836,27.257365623138103,6.976695703266489
2024-10-27 14:00:03.069877,Site_B,25.2048,55.2708,500.2634416947264,47.723462635175274,97.53513854514873,29.084170845253517,7.0459299780555655
2024-10-27 14:00:03.069877,Site_C,35.6895,139.6917,492.39283453187613,42.50157525326407,97.51167986360385,22.725983198298753,6.980737751990637
2024-10-28 14:00:03.069877,Site_A,34.0522,-118.2437,494.21858336725023,56.40676218490915,98.3488041691765,24.278844124633455,6.903285479123004
2024-10-28 14:00:03.069877,Site_B,25.2048,55.2708,503.38870715685874,56.05113975870686,97.32892529864938,25.733536828979716,6.851961921673407
2024-10-28 14:00:03.069877,Site_C,35.6895,139.6917,510.42496221998965,43.8104634218885,98.04832838321254,25.281230298787516,7.066950737610047
2024-10-29 14:00:03.069877,Site_A,34.0522,-118.2437,490.84855758893696,46.95249618811647,99.0179627466839,28.859948049850047,7.0376409767050605
2024-10-29 14:00:03.069877,Site_B,25.2048,55.2708,482.8802678707051,47.42030344308382,98.15809528250455,24.512628781082086,6.799208851081443
2024-10-29 14:00:03.069877,Site_C,35.6895,139.6917,509.96382153961105,57.16250051476679,97.58478883398901,34.6022006305457,6.953449726665684
2024-10-30 14:00:03.069877,Site_A,34.0522,-118.2437,526.4043226700163,51.18369091118774,98.472586767043,23.566666029982645,7.037029288897314
2024-10-30 14:00:03.069877,Site_B,25.2048,55.2708,508.89941284874567,50.49159745501412,98.06811864681086,24.5908605087661,7.074209949947191
2024-10-30 14:00:03.069877,Site_C,35.6895,139.6917,497.2423669589877,47.85612856748632,97.82819848454389,24.71178946697067,7.06051147091215
2024-10-31 14:00:03.069877,Site_A,34.0522,-118.2437,500.22213738913905,52.91244361005772,97.97410206735796,25.055509685015565,6.98082506970902
2024-10-31 14:00:03.069877,Site_B,25.2048,55.2708,501.9005473329028,60.511091663849825,97.91500017454332,25.43664992439696,7.013453972504574
2024-10-31 14:00:03.069877,Site_C,35.6895,139.6917,508.19464063213826,54.44007044974748,98.75501704132726,27.925949658084328,7.037345080968367
2024-11-01 14:00:03.069877,Site_A,34.0522,-118.2437,503.4782245509796,51.74336330858518,97.20708343917171,27.62506962704672,6.978886025225913
2024-11-01 14:00:03.069877,Site_B,25.2048,55.2708,502.1537677780935,43.471425392456865,98.4855024281557,24.320243999373375,7.0252151903687
2024-11-01 14:00:03.069877,Site_C,35.6895,139.6917,492.19178728137797,46.050099278713304,97.83159947342196,28.397094526904397,6.986930288091436
2024-11-02 14:00:03.069877,Site_A,34.0522,-118.2437,497.2368780759395,58.076678521157135,98.08793815926255,28.640604396625942,7.143166270512988
2024-11-02 14:00:03.069877,Site_B,25.2048,55.2708,497.79134734816176,42.1171311923654,97.62301038300065,20.616226774923444,7.220924830807833
2024-11-02 14:00:03.069877,Site_C,35.6895,139.6917,491.81909281695425,51.76126160475167,98.58377697422875,23.801485164472627,6.916461611293043
2024-11-03 14:00:03.069877,Site_A,34.0522,-118.2437,519.8952950503979,53.30245703941314,97.85996090346097,27.832891402080648,7.063728618577313
2024-11-03 14:00:03.069877,Site_B,25.2048,55.2708,502.01731291799234,51.62265984531603,98.24478894377245,29.648594681849183,6.931382850782087
2024-11-03 14:00:03.069877,Site_C,35.6895,139.6917,509.4922291171637,42.44902092037615,98.44253929266804,30.20856479043198,7.119796158706052
2024-11-04 14:00:03.069877,Site_A,34.0522,-118.2437,507.0787982769895,36.23894098199311,97.90106704192341,28.314297547099898,7.021296882988743
2024-11-04 14:00:03.069877,Site_B,25.2048,55.2708,499.7629509761711,46.68105535877871,98.23951894010943,22.807526689999406,6.962107159788386
2024-11-04 14:00:03.069877,Site_C,35.6895,139.6917,482.549915905509,51.34684103369093,98.6377287020739,24.570459610744386,6.948699625137851
2024-11-05 14:00:03.069877,Site_A,34.0522,-118.2437,480.0332350612511,46.320127833385534,99.31889842220974,21.64399605168625,6.893599035238133
2024-11-05 14:00:03.069877,Site_B,25.2048,55.2708,493.61730779546235,50.98341185819063,98.43854286658436,30.58037318889054,6.817554297028178
2024-11-05 14:00:03.069877,Site_C,35.6895,139.6917,481.26024631787993,52.283668068753244,98.06786986266721,26.276549660176464,6.99626478084926
2024-11-06 14:00:03.069877,Site_A,34.0522,-118.2437,499.3600913371356,45.072091982683894,99.29662168323839,27.181828822042835,6.90568206009004
2024-11-06 14:00:03.069877,Site_B,25.2048,55.2708,507.2985756776855,44.33399136491315,98.41030826471135,23.241779911004024,7.057255998187163
2024-11-06 14:00:03.069877,Site_C,35.6895,139.6917,485.27043347263964,54.2862824140389,98.24098135439017,26.310841666359206,7.032591816140625
2024-11-07 14:00:03.069877,Site_A,34.0522,-118.2437,484.39219756532657,57.99510490077097,97.3251945363379,24.83310117310143,7.175543396641441
2024-11-07 14:00:03.069877,Site_B,25.2048,55.2708,505.19438305488706,49.033370524682795,98.56431183088765,30.973270337385394,7.100469967179756
2024-11-07 14:00:03.069877,Site_C,35.6895,139.6917,508.61746431633594,39.77342713485186,98.59509787240171,23.03034752508889,6.878069163936315
2024-11-08 14:00:03.069877,Site_A,34.0522,-118.2437,494.84518371790307,53.193194076028426,96.7749812683599,25.833826186773894,6.949176991034851
2024-11-08 14:00:03.069877,Site_B,25.2048,55.2708,510.1221597555391,50.903408103534694,98.69640895696489,34.39736370963053,7.186340722797183
2024-11-08 14:00:03.069877,Site_C,35.6895,139.6917,493.9454177026341,47.54417302458692,97.86409243391252,21.095043291829857,6.853800583253777
2024-11-09 14:00:03.069877,Site_A,34.0522,-118.2437,505.79174490486105,53.88999260254948,97.25903062779054,23.12767402985541,6.995395428920442
2024-11-09 14:00:03.069877,Site_B,25.2048,55.2708,487.60453307482936,51.95254049868698,97.67680239337841,25.287057574658903,7.078804799016513
2024-11-09 14:00:03.069877,Site_C,35.6895,139.6917,480.66783617103744,52.43184297816875,98.30851082226565,23.685345507981346,6.905147829534067
2024-11-10 14:00:03.069877,Site_A,34.0522,-118.2437,490.27218618858893,48.40486297359709,98.14074695971539,30.601753002935112,7.174967772188806
2024-11-10 14:00:03.069877,Site_B,25.2048,55.2708,510.4541591719234,61.78233594000152,98.13608239406177,25.395063645442256,7.177855345821016
2024-11-10 14:00:03.069877,Site_C,35.6895,139.6917,505.98216737434603,57.36911584677575,97.47023330550539,24.37951049333531,7.08264422756209
2024-11-11 14:00:03.069877,Site_A,34.0522,-118.2437,488.59145931819927,54.7904403621537,98.04700737368952,25.50333585527976,7.118515783973105
2024-11-11 14:00:03.069877,Site_B,25.2048,55.2708,507.7214088634741,53.24789572036555,97.9402490541147,27.480830457650594,7.013371449211397
2024-11-11 14:00:03.069877,Site_C,35.6895,139.6917,496.1612032429423,43.727843094984436,97.97369345657313,29.86487071127432,7.035942273156744
2024-11-12 14:00:03.069877,Site_A,34.0522,-118.2437,516.238021763417,50.794671962672,96.98070656692865,25.30173834160219,7.063327859676647
2024-11-12 14:00:03.069877,Site_B,25.2048,55.2708,478.62952248178505,48.93913049017206,96.96869351556853,26.525369065610857,7.051148237842127
2024-11-12 14:00:03.069877,Site_C,35.6895,139.6917,485.3489742028359,55.28152957901569,98.38353535450648,26.443985617868726,7.00486629719276
